{"cameraMode":{"drawMode":0,"name":"Shaded","section":"Shading Mode"},"sceneLighting":false,"audioPlay":false,"sceneViewState":{"showFog":true,"showMaterialUpdate":false,"showSkybox":false,"showFlares":true,"showImageEffects":true,"showParticleSystems":true},"in2DMode":false,"pivot":{"x":-148.32528686523438,"y":-8.81695556640625,"z":181.6355438232422},"rotation":{"x":-0.6306139826774597,"y":-0.026296893134713174,"z":0.021387437358498575,"w":-0.7753583788871765},"size":176.442138671875,"orthographic":false}